Nombre,Direccion,Localidad,Provincia,Telefono,Tienda online
Atelier Brother,Av Santa Fe 2739,CABA,CABA,4824-7559 / 4823-5879,
Brother Tienda Oficial,,,,,https://tienda.mercadolibre.com.ar/brother
Casa Vargas,Sucre 372,Cordoba,Cordoba,(0351) 424-2555,https://www.casavargascordoba.com.ar/index.php/ver-mas/rotuladoras/portatiles.html
DEIMOS - Tecnología Integrada,Corrientes 395 ,Mendoza,Mendoza,(0261) 4290942,
Digital Soluciones Informáticas S.R.L.,Rosario de santa fé 128 ,Barrio centro,Cordoba,(0351)-4221123  / (0351)- 4237348,
Reset-Tecnologo srl,Parana 657,CABA,CABA,5236-8030,
STAPLES,Av. Santa Fe 2496,Recoleta,CABA,(11) 4822-9995,https://www.staples.com.ar/new_find.asp?find_spec=rotuladoras
STAPLES,Lavalle 565,San Nicolás,CABA,(11) 4393-2506,https://www.staples.com.ar/new_find.asp?find_spec=rotuladoras
STAPLES,Cabello 3352,Palermo,CABA,(11) 4807-6747,https://www.staples.com.ar/new_find.asp?find_spec=rotuladoras
STAPLES,Av. Elcano 3172,Belgrano,CABA,(11) 4553-1059,https://www.staples.com.ar/new_find.asp?find_spec=rotuladoras
STAPLES,Av. Scalabrini Ortiz 1896,Palermo,CABA,(11) 4833-3500,https://www.staples.com.ar/new_find.asp?find_spec=rotuladoras
STAPLES,Av. Córdoba 2033,Recoleta,CABA,(11) 4961-5900,https://www.staples.com.ar/new_find.asp?find_spec=rotuladoras
STAPLES,Av. Federico Lacroze 3078,Colegiales,CABA,(11) 4551-4741,https://www.staples.com.ar/new_find.asp?find_spec=rotuladoras
STAPLES,Av. Scalabrini Ortiz 339,Palermo,CABA,(11) 4855-7880,https://www.staples.com.ar/new_find.asp?find_spec=rotuladoras
STAPLES,Alicia Moreau de Justo 1390,Puerto Madero,CABA,(11) 4342-9756,https://www.staples.com.ar/new_find.asp?find_spec=rotuladoras
STAPLES,Viamonte 1500,Tribunales,CABA,(11) 4519-8289,https://www.staples.com.ar/new_find.asp?find_spec=rotuladoras
STAPLES,Av. Córdoba 4425,Palermo,CABA,(11) 4773-8613,https://www.staples.com.ar/new_find.asp?find_spec=rotuladoras
STAPLES,Av. San Martín 6946,Villa Devoto,CABA,(11) 4136-2619,https://www.staples.com.ar/new_find.asp?find_spec=rotuladoras
STAPLES,Guise 1921,Palermo,CABA,(11) 4823-3926,https://www.staples.com.ar/new_find.asp?find_spec=rotuladoras
STAPLES,Sarmiento 655,Tandil,BUENOS AIRES,(0249) 442-6708,https://www.staples.com.ar/new_find.asp?find_spec=rotuladoras
STAPLES,Rivadavia 2702,Olavarría,BUENOS AIRES,02284-423114,https://www.staples.com.ar/new_find.asp?find_spec=rotuladoras
STAPLES,San Nicolás 558,Pergamino,BUENOS AIRES,(2477) 420187,https://www.staples.com.ar/new_find.asp?find_spec=rotuladoras
STAPLES,Sarmiento 2685 (1er piso),Mar del Plata,BUENOS AIRES,(0223) 451-1151,https://www.staples.com.ar/new_find.asp?find_spec=rotuladoras
STAPLES,Belgrano 362,San Isidro,BUENOS AIRES,(11) 4747-0665,https://www.staples.com.ar/new_find.asp?find_spec=rotuladoras
Teorema,Av. Santa Fe 4386,CABA,CABA,4774-2046,http://www.e-teorema.com/catalogo.php/4-tecnologia/1185-rotuladoras_y_etiquetadoras/3041-rotuladoras?buscar=h100
Sodimac,Ruta 8 y Ruta 202,Malvinas Argentinas,BUENOS AIRES,,http://www.sodimac.com.ar/sodimac-ar/search/?Ntt=rotuladora
Sodimac,San Martín 421,San Martin,BUENOS AIRES,,http://www.sodimac.com.ar/sodimac-ar/search/?Ntt=rotuladora
Sodimac,Av Don Bosco 2680,San Justo,BUENOS AIRES,,http://www.sodimac.com.ar/sodimac-ar/search/?Ntt=rotuladora
Sodimac,Av Vergara 1910 ,Villa Tesei,BUENOS AIRES,,http://www.sodimac.com.ar/sodimac-ar/search/?Ntt=rotuladora
Sodimac,Av del Libertador 77 ,Vicente Lopez,BUENOS AIRES,,http://www.sodimac.com.ar/sodimac-ar/search/?Ntt=rotuladora
Sodimac,Av Olivos 4051,Tortuguitas,BUENOS AIRES,,http://www.sodimac.com.ar/sodimac-ar/search/?Ntt=rotuladora
Sodimac,Av Colón 4880,Barrio Villa Urquiza,Cordoba,,http://www.sodimac.com.ar/sodimac-ar/search/?Ntt=rotuladora
Sodimac,Camino General Belgrano s/n entre 514 y 517,La Plata,BUENOS AIRES,,http://www.sodimac.com.ar/sodimac-ar/search/?Ntt=rotuladora
